scenario,policy,trial_count,sweep_name,sweep_value,origin_delay,es_availability,zipf_alpha,local_es_count,neighbor_group_size,k,mean_response_time_mean,mean_response_time_std,mean_response_time_stderr,mean_response_time_ci95_low,mean_response_time_ci95_high,p95_response_time_mean,p95_response_time_std,p95_response_time_stderr,p95_response_time_ci95_low,p95_response_time_ci95_high,origin_free_rate_mean,origin_free_rate_std,origin_free_rate_stderr,origin_free_rate_ci95_low,origin_free_rate_ci95_high,neighbor_failure_rate_mean,neighbor_failure_rate_std,neighbor_failure_rate_stderr,neighbor_failure_rate_ci95_low,neighbor_failure_rate_ci95_high,b2_advantage_vs_b1_mean
origin_delay_x_es_availability,B0,10,origin_delay_x_es_availability,,40.0,0.45,1.1,3,5,3,53.9294,0.08889,0.028109,53.874306,53.984494,63.5987,0.192117,0.060753,63.479624,63.717776,0.09017,0.002444,0.000773,0.088655,0.091685,0.0,0.0,0.0,0.0,0.0,
origin_delay_x_es_availability,B1,10,origin_delay_x_es_availability,,40.0,0.45,1.1,3,5,3,72.0065,0.134782,0.042622,71.922962,72.090038,89.9589,0.136116,0.043044,89.874534,90.043266,0.45931,0.003015,0.000954,0.457441,0.461179,0.59452,0.00356,0.001126,0.592313,0.596727,
origin_delay_x_es_availability,B2,10,origin_delay_x_es_availability,,40.0,0.45,1.1,3,5,3,53.9209,0.085577,0.027062,53.867859,53.973941,63.5204,0.080559,0.025475,63.470469,63.570331,0.09015,0.002233,0.000706,0.088766,0.091534,0.0,0.0,0.0,0.0,0.0,18.0856
origin_delay_x_es_availability,B0,10,origin_delay_x_es_availability,,40.0,0.55,1.1,3,5,3,51.3076,0.183935,0.058165,51.193596,51.421604,63.3485,0.099857,0.031578,63.286608,63.410392,0.16763,0.004675,0.001478,0.164733,0.170527,0.0,0.0,0.0,0.0,0.0,
origin_delay_x_es_availability,B1,10,origin_delay_x_es_availability,,40.0,0.55,1.1,3,5,3,64.7131,0.212102,0.067073,64.581638,64.844562,88.5284,0.147119,0.046523,88.437215,88.619585,0.66263,0.005325,0.001684,0.65933,0.66593,0.4053,0.006314,0.001997,0.401387,0.409213,
origin_delay_x_es_availability,B2,10,origin_delay_x_es_availability,,40.0,0.55,1.1,3,5,3,51.3373,0.217446,0.068762,51.202526,51.472074,63.3785,0.151171,0.047805,63.284803,63.472197,0.16698,0.005309,0.001679,0.163689,0.170271,0.0,0.0,0.0,0.0,0.0,13.3758
origin_delay_x_es_availability,B0,10,origin_delay_x_es_availability,,40.0,0.65,1.1,3,5,3,47.4941,0.141585,0.044773,47.406345,47.581855,62.8145,0.143474,0.04537,62.725574,62.903426,0.27962,0.004224,0.001336,0.277002,0.282238,0.0,0.0,0.0,0.0,0.0,
origin_delay_x_es_availability,B1,10,origin_delay_x_es_availability,,40.0,0.65,1.1,3,5,3,56.8463,0.180437,0.057059,56.734464,56.958136,86.1371,0.27516,0.087013,85.966554,86.307646,0.82976,0.005453,0.001724,0.82638,0.83314,0.23468,0.007409,0.002343,0.230088,0.239272,
origin_delay_x_es_availability,B2,10,origin_delay_x_es_availability,,40.0,0.65,1.1,3,5,3,47.584,0.248784,0.078672,47.429802,47.738198,62.8583,0.213096,0.067387,62.726222,62.990378,0.27737,0.006464,0.002044,0.273364,0.281376,0.0,0.0,0.0,0.0,0.0,9.2623
origin_delay_x_es_availability,B0,10,origin_delay_x_es_availability,,40.0,0.75,1.1,3,5,3,42.6894,0.127681,0.040376,42.610262,42.768538,62.1339,0.11672,0.03691,62.061556,62.206244,0.42087,0.003731,0.00118,0.418557,0.423183,0.0,0.0,0.0,0.0,0.0,
origin_delay_x_es_availability,B1,10,origin_delay_x_es_availability,,40.0,0.75,1.1,3,5,3,48.4436,0.149247,0.047196,48.351096,48.536104,82.0169,0.341242,0.10791,81.805396,82.228404,0.93925,0.003156,0.000998,0.937294,0.941206,0.10531,0.005428,0.001717,0.101946,0.108674,
origin_delay_x_es_availability,B2,10,origin_delay_x_es_availability,,40.0,0.75,1.1,3,5,3,42.6824,0.124702,0.039434,42.605109,42.759691,62.1569,0.144482,0.045689,62.067349,62.246451,0.42156,0.003444,0.001089,0.419425,0.423695,0.0,0.0,0.0,0.0,0.0,5.7612
origin_delay_x_es_availability,B0,10,origin_delay_x_es_availability,,40.0,0.82,1.1,3,5,3,38.2973,0.145387,0.045975,38.207188,38.387412,61.4224,0.187835,0.059399,61.305979,61.538821,0.55048,0.003577,0.001131,0.548263,0.552697,0.0,0.0,0.0,0.0,0.0,
origin_delay_x_es_availability,B1,10,origin_delay_x_es_availability,,40.0,0.82,1.1,3,5,3,42.1822,0.24749,0.078263,42.028804,42.335596,70.759,0.312639,0.098865,70.565224,70.952776,0.98091,0.001801,0.000569,0.979794,0.982026,0.04268,0.004177,0.001321,0.040091,0.045269,
origin_delay_x_es_availability,B2,10,origin_delay_x_es_availability,,40.0,0.82,1.1,3,5,3,38.2905,0.148776,0.047047,38.198288,38.382712,61.3829,0.200094,0.063275,61.25888,61.50692,0.55056,0.003604,0.00114,0.548326,0.552794,0.0,0.0,0.0,0.0,0.0,3.8917
origin_delay_x_es_availability,B0,10,origin_delay_x_es_availability,,40.0,0.9,1.1,3,5,3,32.2226,0.164461,0.052007,32.120666,32.324534,59.6974,0.213733,0.067588,59.564927,59.829873,0.72945,0.004877,0.001542,0.726427,0.732473,0.0,0.0,0.0,0.0,0.0,
origin_delay_x_es_availability,B1,10,origin_delay_x_es_availability,,40.0,0.9,1.1,3,5,3,34.394,0.201763,0.063803,34.268946,34.519054,67.8355,0.092402,0.02922,67.778229,67.892771,0.99786,0.000378,0.000119,0.997626,0.998094,0.00792,0.001377,0.000435,0.007067,0.008773,
origin_delay_x_es_availability,B2,10,origin_delay_x_es_availability,,40.0,0.9,1.1,3,5,3,32.2258,0.151891,0.048032,32.131657,32.319943,59.7175,0.186115,0.058855,59.602144,59.832856,0.72899,0.004899,0.001549,0.725954,0.732026,0.0,0.0,0.0,0.0,0.0,2.1682
origin_delay_x_es_availability,B0,10,origin_delay_x_es_availability,,80.0,0.45,1.1,3,5,3,90.242,0.164972,0.052169,90.139749,90.344251,103.5637,0.189737,0.06,103.4461,103.6813,0.09136,0.002477,0.000783,0.089825,0.092895,0.0,0.0,0.0,0.0,0.0,
origin_delay_x_es_availability,B1,10,origin_delay_x_es_availability,,80.0,0.45,1.1,3,5,3,93.7547,0.414618,0.131114,93.497717,94.011683,129.9146,0.102388,0.032378,129.851139,129.978061,0.45803,0.006045,0.001912,0.454283,0.461777,0.59539,0.006448,0.002039,0.591394,0.599386,
origin_delay_x_es_availability,B2,10,origin_delay_x_es_availability,,80.0,0.45,1.1,3,5,3,90.1955,0.155306,0.049112,90.09924,90.29176,103.563,0.188726,0.05968,103.446027,103.679973,0.09193,0.002421,0.000766,0.090429,0.093431,0.0,0.0,0.0,0.0,0.0,3.5592
origin_delay_x_es_availability,B0,10,origin_delay_x_es_availability,,80.0,0.55,1.1,3,5,3,84.809,0.248956,0.078727,84.654696,84.963304,103.2731,0.100186,0.031682,103.211004,103.335196,0.16434,0.00335,0.001059,0.162264,0.166416,0.0,0.0,0.0,0.0,0.0,
origin_delay_x_es_availability,B1,10,origin_delay_x_es_availability,,80.0,0.55,1.1,3,5,3,78.3593,0.22547,0.0713,78.219552,78.499048,128.4233,0.120582,0.038131,128.348563,128.498037,0.66127,0.003496,0.001106,0.659103,0.663437,0.40582,0.003964,0.001253,0.403363,0.408277,
origin_delay_x_es_availability,B2,10,origin_delay_x_es_availability,,80.0,0.55,1.1,3,5,3,78.3565,0.230707,0.072956,78.213506,78.499494,128.4429,0.117823,0.037259,128.369872,128.515928,0.6613,0.00354,0.001119,0.659106,0.663494,0.40581,0.003975,0.001257,0.403346,0.408274,0.0028
origin_delay_x_es_availability,B0,10,origin_delay_x_es_availability,,80.0,0.65,1.1,3,5,3,76.7875,0.322072,0.101848,76.587878,76.987122,102.9123,0.142511,0.045066,102.823971,103.000629,0.27302,0.00433,0.001369,0.270336,0.275704,0.0,0.0,0.0,0.0,0.0,
origin_delay_x_es_availability,B1,10,origin_delay_x_es_availability,,80.0,0.65,1.1,3,5,3,63.7489,0.437204,0.138256,63.477918,64.019882,126.2058,0.154729,0.04893,126.109898,126.301702,0.82873,0.004327,0.001368,0.826048,0.831412,0.23615,0.005524,0.001747,0.232726,0.239574,
origin_delay_x_es_availability,B2,10,origin_delay_x_es_availability,,80.0,0.65,1.1,3,5,3,63.7519,0.4364,0.138002,63.481417,64.022383,126.212,0.155577,0.049198,126.115572,126.308428,0.82837,0.00422,0.001334,0.825755,0.830985,0.23676,0.005336,0.001687,0.233453,0.240067,-0.003
origin_delay_x_es_availability,B0,10,origin_delay_x_es_availability,,80.0,0.75,1.1,3,5,3,65.8302,0.410762,0.129894,65.575607,66.084793,102.12,0.131783,0.041674,102.03832,102.20168,0.42091,0.005364,0.001696,0.417586,0.424234,0.0,0.0,0.0,0.0,0.0,
origin_delay_x_es_availability,B1,10,origin_delay_x_es_availability,,80.0,0.75,1.1,3,5,3,50.6646,0.260055,0.082237,50.503416,50.825784,121.5427,0.283377,0.089612,121.367061,121.718339,0.94249,0.001871,0.000592,0.94133,0.94365,0.09982,0.003151,0.000996,0.097867,0.101773,
origin_delay_x_es_availability,B2,10,origin_delay_x_es_availability,,80.0,0.75,1.1,3,5,3,50.6815,0.262316,0.082952,50.518915,50.844085,121.5914,0.31818,0.100617,121.39419,121.78861,0.94196,0.002414,0.000763,0.940464,0.943456,0.10079,0.004242,0.001342,0.09816,0.10342,-0.0169
origin_delay_x_es_availability,B0,10,origin_delay_x_es_availability,,80.0,0.82,1.1,3,5,3,55.9318,0.325309,0.102872,55.730171,56.133429,101.4216,0.101764,0.03218,101.358526,101.484674,0.55527,0.004684,0.001481,0.552367,0.558173,0.0,0.0,0.0,0.0,0.0,
origin_delay_x_es_availability,B1,10,origin_delay_x_es_availability,,80.0,0.82,1.1,3,5,3,42.9606,0.303969,0.096123,42.772198,43.149002,70.7807,0.248169,0.078478,70.626883,70.934517,0.98084,0.001728,0.000546,0.979769,0.981911,0.04278,0.003598,0.001138,0.04055,0.04501,
origin_delay_x_es_availability,B2,10,origin_delay_x_es_availability,,80.0,0.82,1.1,3,5,3,42.9068,0.258411,0.081717,42.746635,43.066965,70.7559,0.242929,0.076821,70.605331,70.906469,0.98083,0.001732,0.000548,0.979756,0.981904,0.04291,0.003646,0.001153,0.04065,0.04517,0.0538
origin_delay_x_es_availability,B0,10,origin_delay_x_es_availability,,80.0,0.9,1.1,3,5,3,43.1252,0.289501,0.091548,42.945766,43.304634,99.804,0.128927,0.04077,99.72409,99.88391,0.72791,0.003848,0.001217,0.725525,0.730295,0.0,0.0,0.0,0.0,0.0,
origin_delay_x_es_availability,B1,10,origin_delay_x_es_availability,,80.0,0.9,1.1,3,5,3,34.4635,0.227595,0.071972,34.322435,34.604565,67.9308,0.115404,0.036494,67.859272,68.002328,0.99785,0.00046,0.000145,0.997565,0.998135,0.00798,0.001759,0.000556,0.00689,0.00907,
origin_delay_x_es_availability,B2,10,origin_delay_x_es_availability,,80.0,0.9,1.1,3,5,3,34.4928,0.211021,0.066731,34.362008,34.623592,67.9159,0.121668,0.038475,67.840489,67.991311,0.9978,0.000392,0.000124,0.997557,0.998043,0.00815,0.001539,0.000487,0.007196,0.009104,-0.0293
origin_delay_x_es_availability,B0,10,origin_delay_x_es_availability,,120.0,0.45,1.1,3,5,3,126.5304,0.4079,0.128989,126.277581,126.783219,143.5428,0.169,0.053442,143.438053,143.647547,0.09175,0.003602,0.001139,0.089518,0.093982,0.0,0.0,0.0,0.0,0.0,
origin_delay_x_es_availability,B1,10,origin_delay_x_es_availability,,120.0,0.45,1.1,3,5,3,115.0363,0.910005,0.287769,114.472273,115.600327,169.9317,0.103298,0.032666,169.867675,169.995725,0.46093,0.007739,0.002447,0.456134,0.465726,0.59343,0.006872,0.002173,0.589171,0.597689,
origin_delay_x_es_availability,B2,10,origin_delay_x_es_availability,,120.0,0.45,1.1,3,5,3,115.0245,0.904185,0.285929,114.46408,115.58492,169.9595,0.090345,0.02857,169.903503,170.015497,0.46096,0.007721,0.002441,0.456175,0.465745,0.59359,0.006992,0.002211,0.589256,0.597924,0.0118
origin_delay_x_es_availability,B0,10,origin_delay_x_es_availability,,120.0,0.55,1.1,3,5,3,117.9219,0.699273,0.22113,117.488486,118.355314,143.2932,0.137761,0.043564,143.207815,143.378585,0.16742,0.00606,0.001916,0.163664,0.171176,0.0,0.0,0.0,0.0,0.0,
origin_delay_x_es_availability,B1,10,origin_delay_x_es_availability,,120.0,0.55,1.1,3,5,3,91.8065,0.543716,0.171938,91.469501,92.143499,168.4905,0.09701,0.030677,168.430373,168.550627,0.66215,0.004818,0.001524,0.659164,0.665136,0.40515,0.005439,0.00172,0.401779,0.408521,
origin_delay_x_es_availability,B2,10,origin_delay_x_es_availability,,120.0,0.55,1.1,3,5,3,91.9025,0.479834,0.151737,91.605096,92.199904,168.4892,0.096985,0.030669,168.429088,168.549312,0.66123,0.004324,0.001367,0.65855,0.66391,0.40616,0.005053,0.001598,0.403028,0.409292,-0.096
origin_delay_x_es_availability,B0,10,origin_delay_x_es_availability,,120.0,0.65,1.1,3,5,3,105.8448,0.348222,0.110117,105.62897,106.06063,142.8525,0.138032,0.043649,142.766947,142.938053,0.27323,0.003184,0.001007,0.271256,0.275204,0.0,0.0,0.0,0.0,0.0,
origin_delay_x_es_availability,B1,10,origin_delay_x_es_availability,,120.0,0.65,1.1,3,5,3,70.4387,0.543675,0.171925,70.101727,70.775673,166.1297,0.111953,0.035403,166.060311,166.199089,0.8302,0.00476,0.001505,0.82725,0.83315,0.2341,0.00618,0.001954,0.23027,0.23793,
origin_delay_x_es_availability,B2,10,origin_delay_x_es_availability,,120.0,0.65,1.1,3,5,3,70.4461,0.547602,0.173167,70.106693,70.785507,166.149,0.138365,0.043755,166.06324,166.23476,0.83035,0.004724,0.001494,0.827422,0.833278,0.23369,0.006131,0.001939,0.22989,0.23749,-0.0074
origin_delay_x_es_availability,B0,10,origin_delay_x_es_availability,,120.0,0.75,1.1,3,5,3,88.7755,0.475087,0.150236,88.481038,89.069962,142.1481,0.07271,0.022993,142.103034,142.193166,0.42283,0.004227,0.001337,0.42021,0.42545,0.0,0.0,0.0,0.0,0.0,
origin_delay_x_es_availability,B1,10,origin_delay_x_es_availability,,120.0,0.75,1.1,3,5,3,53.2929,0.418751,0.132421,53.033355,53.552445,161.7564,0.456145,0.144246,161.473679,162.039121,0.94004,0.003421,0.001082,0.937919,0.942161,0.10357,0.00575,0.001818,0.100006,0.107134,
origin_delay_x_es_availability,B2,10,origin_delay_x_es_availability,,120.0,0.75,1.1,3,5,3,53.3716,0.338172,0.106939,53.161999,53.581201,161.8056,0.407534,0.128874,161.553008,162.058192,0.93983,0.003172,0.001003,0.937864,0.941796,0.10371,0.005581,0.001765,0.100251,0.107169,-0.0787
origin_delay_x_es_availability,B0,10,origin_delay_x_es_availability,,120.0,0.82,1.1,3,5,3,73.9718,0.335337,0.106043,73.763956,74.179644,141.3684,0.100505,0.031782,141.306107,141.430693,0.55288,0.002908,0.00092,0.551078,0.554682,0.0,0.0,0.0,0.0,0.0,
origin_delay_x_es_availability,B1,10,origin_delay_x_es_availability,,120.0,0.82,1.1,3,5,3,43.9252,0.156091,0.04936,43.828454,44.021946,70.7796,0.208836,0.06604,70.650162,70.909038,0.98049,0.001314,0.000416,0.979675,0.981305,0.0432,0.003046,0.000963,0.041312,0.045088,
origin_delay_x_es_availability,B2,10,origin_delay_x_es_availability,,120.0,0.82,1.1,3,5,3,43.9196,0.163733,0.051777,43.818117,44.021083,70.7942,0.197012,0.062301,70.672091,70.916309,0.98045,0.001279,0.000404,0.979657,0.981243,0.04331,0.002961,0.000936,0.041475,0.045145,0.0056
origin_delay_x_es_availability,B0,10,origin_delay_x_es_availability,,120.0,0.9,1.1,3,5,3,53.8787,0.566832,0.179248,53.527374,54.230026,139.699,0.176509,0.055817,139.589599,139.808401,0.72917,0.004948,0.001565,0.726103,0.732237,0.0,0.0,0.0,0.0,0.0,
origin_delay_x_es_availability,B1,10,origin_delay_x_es_availability,,120.0,0.9,1.1,3,5,3,34.6413,0.326199,0.103153,34.43912,34.84348,67.8333,0.18642,0.058951,67.717756,67.948844,0.99765,0.000615,0.000195,0.997269,0.998031,0.00863,0.00217,0.000686,0.007285,0.009975,
origin_delay_x_es_availability,B2,10,origin_delay_x_es_availability,,120.0,0.9,1.1,3,5,3,34.5886,0.300885,0.095148,34.40211,34.77509,67.771,0.138057,0.043658,67.685431,67.856569,0.99773,0.000617,0.000195,0.997348,0.998112,0.00836,0.002189,0.000692,0.007003,0.009717,0.0527
origin_delay_x_es_availability,B0,10,origin_delay_x_es_availability,,180.0,0.45,1.1,3,5,3,181.2359,0.679479,0.21487,180.814754,181.657046,203.5569,0.099779,0.031553,203.495056,203.618744,0.09052,0.003942,0.001247,0.088077,0.092963,0.0,0.0,0.0,0.0,0.0,
origin_delay_x_es_availability,B1,10,origin_delay_x_es_availability,,180.0,0.45,1.1,3,5,3,147.3037,0.865598,0.273726,146.767197,147.840203,229.8826,0.124057,0.03923,229.805709,229.959491,0.4615,0.0054,0.001707,0.458153,0.464847,0.5927,0.006277,0.001985,0.588809,0.596591,
origin_delay_x_es_availability,B2,10,origin_delay_x_es_availability,,180.0,0.45,1.1,3,5,3,147.2066,0.859802,0.271893,146.673689,147.739511,229.8886,0.117963,0.037303,229.815485,229.961715,0.46193,0.005403,0.001708,0.458581,0.465279,0.59271,0.006276,0.001985,0.58882,0.5966,0.0971
origin_delay_x_es_availability,B0,10,origin_delay_x_es_availability,,180.0,0.55,1.1,3,5,3,168.1597,0.421811,0.133388,167.898259,168.421141,203.3405,0.093486,0.029563,203.282557,203.398443,0.16575,0.002469,0.000781,0.16422,0.16728,0.0,0.0,0.0,0.0,0.0,
origin_delay_x_es_availability,B1,10,origin_delay_x_es_availability,,180.0,0.55,1.1,3,5,3,112.3087,0.797811,0.25229,111.814211,112.803189,228.4536,0.160332,0.050702,228.354225,228.552975,0.66065,0.004152,0.001313,0.658076,0.663224,0.40709,0.004254,0.001345,0.404453,0.409727,
origin_delay_x_es_availability,B2,10,origin_delay_x_es_availability,,180.0,0.55,1.1,3,5,3,112.3635,0.744016,0.235279,111.902354,112.824646,228.4908,0.14654,0.04634,228.399974,228.581626,0.66045,0.003946,0.001248,0.658004,0.662896,0.40715,0.004203,0.001329,0.404545,0.409755,-0.0548
origin_delay_x_es_availability,B0,10,origin_delay_x_es_availability,,180.0,0.65,1.1,3,5,3,149.218,0.498197,0.157544,148.909214,149.526786,202.8571,0.155163,0.049067,202.760929,202.953271,0.2745,0.00279,0.000882,0.27277,0.27623,0.0,0.0,0.0,0.0,0.0,
origin_delay_x_es_availability,B1,10,origin_delay_x_es_availability,,180.0,0.65,1.1,3,5,3,80.7765,1.025376,0.324252,80.140966,81.412034,226.2102,0.206082,0.065169,226.082469,226.337931,0.82871,0.005364,0.001696,0.825385,0.832035,0.23683,0.006333,0.002003,0.232905,0.240755,
origin_delay_x_es_availability,B2,10,origin_delay_x_es_availability,,180.0,0.65,1.1,3,5,3,80.6818,1.065005,0.336784,80.021703,81.341897,226.2282,0.214341,0.06778,226.09535,226.36105,0.82917,0.005566,0.00176,0.82572,0.83262,0.23639,0.006516,0.002061,0.232351,0.240429,0.0947
origin_delay_x_es_availability,B0,10,origin_delay_x_es_availability,,180.0,0.75,1.1,3,5,3,122.9315,0.840269,0.265717,122.410696,123.452304,202.1117,0.11906,0.03765,202.037906,202.185494,0.42568,0.004887,0.001545,0.422651,0.428709,0.0,0.0,0.0,0.0,0.0,
origin_delay_x_es_availability,B1,10,origin_delay_x_es_availability,,180.0,0.75,1.1,3,5,3,56.6524,0.362489,0.114629,56.427727,56.877073,221.7124,0.188667,0.059662,221.595463,221.829337,0.94135,0.002003,0.000634,0.940108,0.942592,0.10147,0.003491,0.001104,0.099306,0.103634,
origin_delay_x_es_availability,B2,10,origin_delay_x_es_availability,,180.0,0.75,1.1,3,5,3,56.7551,0.596009,0.188475,56.38569,57.12451,221.7547,0.237808,0.075201,221.607305,221.902095,0.9408,0.003029,0.000958,0.938922,0.942678,0.10234,0.004866,0.001539,0.099324,0.105356,-0.1027
origin_delay_x_es_availability,B0,10,origin_delay_x_es_availability,,180.0,0.82,1.1,3,5,3,100.8121,0.930941,0.294389,100.235097,101.389103,201.4164,0.161016,0.050918,201.316601,201.516199,0.55286,0.005258,0.001663,0.549601,0.556119,0.0,0.0,0.0,0.0,0.0,
origin_delay_x_es_availability,B1,10,origin_delay_x_es_availability,,180.0,0.82,1.1,3,5,3,44.9556,0.279968,0.088534,44.782074,45.129126,70.8133,0.164022,0.051868,70.711638,70.914962,0.98057,0.001229,0.000389,0.979808,0.981332,0.04328,0.002763,0.000874,0.041568,0.044992,
origin_delay_x_es_availability,B2,10,origin_delay_x_es_availability,,180.0,0.82,1.1,3,5,3,44.975,0.283997,0.089808,44.798977,45.151023,70.8,0.138647,0.043844,70.714065,70.885935,0.98058,0.001216,0.000385,0.979826,0.981334,0.04319,0.002629,0.000831,0.041561,0.044819,-0.0194
origin_delay_x_es_availability,B0,10,origin_delay_x_es_availability,,180.0,0.9,1.1,3,5,3,69.8553,0.50171,0.158655,69.544337,70.166263,199.7268,0.148483,0.046954,199.63477,199.81883,0.73082,0.002897,0.000916,0.729024,0.732616,0.0,0.0,0.0,0.0,0.0,
origin_delay_x_es_availability,B1,10,origin_delay_x_es_availability,,180.0,0.9,1.1,3,5,3,34.6725,0.105796,0.033456,34.606927,34.738073,67.7929,0.128245,0.040555,67.713413,67.872387,0.99776,0.000538,0.00017,0.997427,0.998093,0.00831,0.001997,0.000632,0.007072,0.009548,
origin_delay_x_es_availability,B2,10,origin_delay_x_es_availability,,180.0,0.9,1.1,3,5,3,34.6738,0.106792,0.033771,34.607609,34.739991,67.7797,0.128963,0.040782,67.699768,67.859632,0.99775,0.000544,0.000172,0.997413,0.998087,0.00834,0.002016,0.000638,0.00709,0.00959,-0.0013
origin_delay_x_es_availability,B0,10,origin_delay_x_es_availability,,240.0,0.45,1.1,3,5,3,235.6627,0.998887,0.315876,235.043583,236.281817,263.5705,0.121941,0.038561,263.49492,263.64608,0.09121,0.00427,0.00135,0.088564,0.093856,0.0,0.0,0.0,0.0,0.0,
origin_delay_x_es_availability,B1,10,origin_delay_x_es_availability,,240.0,0.45,1.1,3,5,3,179.9006,0.582153,0.184093,179.539778,180.261422,289.9238,0.123069,0.038918,289.847521,290.000079,0.46049,0.002537,0.000802,0.458917,0.462063,0.59315,0.002862,0.000905,0.591376,0.594924,
origin_delay_x_es_availability,B2,10,origin_delay_x_es_availability,,240.0,0.45,1.1,3,5,3,179.8279,0.672153,0.212553,179.411296,180.244504,289.9282,0.124255,0.039293,289.851186,290.005214,0.46079,0.002866,0.000906,0.459014,0.462566,0.59301,0.00291,0.00092,0.591206,0.594814,0.0727
origin_delay_x_es_availability,B0,10,origin_delay_x_es_availability,,240.0,0.55,1.1,3,5,3,218.4094,0.699665,0.221253,217.975743,218.843057,263.3683,0.186252,0.058898,263.25286,263.48374,0.16497,0.002873,0.000908,0.163189,0.166751,0.0,0.0,0.0,0.0,0.0,
origin_delay_x_es_availability,B1,10,origin_delay_x_es_availability,,240.0,0.55,1.1,3,5,3,132.7084,1.421705,0.449583,131.827218,133.589582,288.4646,0.085021,0.026886,288.411904,288.517296,0.66062,0.006189,0.001957,0.656784,0.664456,0.40679,0.007019,0.00222,0.40244,0.41114,
origin_delay_x_es_availability,B2,10,origin_delay_x_es_availability,,240.0,0.55,1.1,3,5,3,132.7275,1.41091,0.446169,131.853009,133.601991,288.4851,0.096478,0.030509,288.425302,288.544898,0.66038,0.006063,0.001917,0.656622,0.664138,0.40752,0.006723,0.002126,0.403353,0.411687,-0.0191
origin_delay_x_es_availability,B0,10,origin_delay_x_es_availability,,240.0,0.65,1.1,3,5,3,193.1014,1.321369,0.417854,192.282407,193.920393,262.8918,0.111713,0.035327,262.82256,262.96104,0.27312,0.00564,0.001783,0.269625,0.276615,0.0,0.0,0.0,0.0,0.0,
origin_delay_x_es_availability,B1,10,origin_delay_x_es_availability,,240.0,0.65,1.1,3,5,3,91.4403,0.926004,0.292828,90.866356,92.014244,286.1839,0.147497,0.046643,286.09248,286.27532,0.82767,0.004216,0.001333,0.825057,0.830283,0.23719,0.006317,0.001998,0.233275,0.241105,
origin_delay_x_es_availability,B2,10,origin_delay_x_es_availability,,240.0,0.65,1.1,3,5,3,91.3341,0.898084,0.283999,90.777462,91.890738,286.1511,0.14488,0.045815,286.061303,286.240897,0.82829,0.00407,0.001287,0.825768,0.830812,0.23606,0.00611,0.001932,0.232273,0.239847,0.1062
origin_delay_x_es_availability,B0,10,origin_delay_x_es_availability,,240.0,0.75,1.1,3,5,3,158.5296,1.096278,0.346674,157.85012,159.20908,262.1002,0.091852,0.029046,262.043269,262.157131,0.42078,0.00468,0.00148,0.417879,0.423681,0.0,0.0,0.0,0.0,0.0,
origin_delay_x_es_availability,B1,10,origin_delay_x_es_availability,,240.0,0.75,1.1,3,5,3,60.3583,0.598012,0.189108,59.987648,60.728952,281.7541,0.270226,0.085453,281.586612,281.921588,0.94026,0.002382,0.000753,0.938783,0.941737,0.10356,0.004126,0.001305,0.101002,0.106118,
origin_delay_x_es_availability,B2,10,origin_delay_x_es_availability,,240.0,0.75,1.1,3,5,3,60.3165,0.561184,0.177462,59.968675,60.664325,281.7636,0.273435,0.086468,281.594123,281.933077,0.94027,0.002375,0.000751,0.938798,0.941742,0.10376,0.00424,0.001341,0.101132,0.106388,0.0418
origin_delay_x_es_availability,B0,10,origin_delay_x_es_availability,,240.0,0.82,1.1,3,5,3,128.5315,1.406722,0.444845,127.659605,129.403395,261.3918,0.126587,0.04003,261.313341,261.470259,0.54902,0.006095,0.001927,0.545242,0.552798,0.0,0.0,0.0,0.0,0.0,
origin_delay_x_es_availability,B1,10,origin_delay_x_es_availability,,240.0,0.82,1.1,3,5,3,46.0706,0.419819,0.132758,45.810394,46.330806,70.8543,0.246375,0.07791,70.701595,71.007005,0.98083,0.001721,0.000544,0.979763,0.981897,0.04274,0.003749,0.001185,0.040417,0.045063,
origin_delay_x_es_availability,B2,10,origin_delay_x_es_availability,,240.0,0.82,1.1,3,5,3,46.1468,0.409673,0.12955,45.892882,46.400718,70.8928,0.207743,0.065694,70.764039,71.021561,0.98069,0.001662,0.000526,0.97966,0.98172,0.04293,0.003652,0.001155,0.040666,0.045194,-0.0762
origin_delay_x_es_availability,B0,10,origin_delay_x_es_availability,,240.0,0.9,1.1,3,5,3,86.0277,0.679812,0.214975,85.606348,86.449052,259.7741,0.149531,0.047286,259.68142,259.86678,0.73062,0.002857,0.000903,0.728849,0.732391,0.0,0.0,0.0,0.0,0.0,
origin_delay_x_es_availability,B1,10,origin_delay_x_es_availability,,240.0,0.9,1.1,3,5,3,34.8409,0.249857,0.079012,34.686037,34.995763,67.8162,0.197274,0.062384,67.693928,67.938472,0.99788,0.000429,0.000136,0.997614,0.998146,0.00783,0.001503,0.000475,0.006899,0.008761,
origin_delay_x_es_availability,B2,10,origin_delay_x_es_availability,,240.0,0.9,1.1,3,5,3,34.797,0.246408,0.077921,34.644275,34.949725,67.8094,0.195419,0.061797,67.688278,67.930522,0.99791,0.000456,0.000144,0.997628,0.998192,0.00774,0.001589,0.000502,0.006755,0.008725,0.0439
origin_delay_x_es_availability,B0,10,origin_delay_x_es_availability,,320.0,0.45,1.1,3,5,3,308.1171,1.307172,0.413364,307.306906,308.927294,343.593,0.183017,0.057875,343.479565,343.706435,0.09201,0.004065,0.001285,0.089491,0.094529,0.0,0.0,0.0,0.0,0.0,
origin_delay_x_es_availability,B1,10,origin_delay_x_es_availability,,320.0,0.45,1.1,3,5,3,222.6898,1.531488,0.484299,221.740574,223.639026,369.9016,0.151807,0.048006,369.807509,369.995691,0.46156,0.004748,0.001501,0.458617,0.464503,0.59275,0.004104,0.001298,0.590206,0.595294,
origin_delay_x_es_availability,B2,10,origin_delay_x_es_availability,,320.0,0.45,1.1,3,5,3,222.7089,1.514406,0.478897,221.770261,223.647539,369.9143,0.147139,0.046529,369.823103,370.005497,0.46154,0.004731,0.001496,0.458608,0.464472,0.59248,0.00421,0.001331,0.589871,0.595089,-0.0191
origin_delay_x_es_availability,B0,10,origin_delay_x_es_availability,,320.0,0.55,1.1,3,5,3,284.833,1.203983,0.380733,284.086764,285.579236,343.3625,0.147624,0.046683,343.271002,343.453998,0.16616,0.003847,0.001216,0.163776,0.168544,0.0,0.0,0.0,0.0,0.0,
origin_delay_x_es_availability,B1,10,origin_delay_x_es_availability,,320.0,0.55,1.1,3,5,3,158.7318,1.214241,0.383977,157.979206,159.484394,368.3885,0.132684,0.041958,368.306262,368.470738,0.66414,0.004024,0.001273,0.661646,0.666634,0.40314,0.005356,0.001694,0.39982,0.40646,
origin_delay_x_es_availability,B2,10,origin_delay_x_es_availability,,320.0,0.55,1.1,3,5,3,158.8632,1.236581,0.391041,158.096759,159.629641,368.4162,0.103537,0.032741,368.352027,368.480373,0.66362,0.004107,0.001299,0.661075,0.666165,0.4041,0.005451,0.001724,0.400722,0.407478,-0.1314
origin_delay_x_es_availability,B0,10,origin_delay_x_es_availability,,320.0,0.65,1.1,3,5,3,250.6578,1.644277,0.519966,249.638666,251.676934,342.8878,0.092131,0.029134,342.830696,342.944904,0.27496,0.005264,0.001665,0.271697,0.278223,0.0,0.0,0.0,0.0,0.0,
origin_delay_x_es_availability,B1,10,origin_delay_x_es_availability,,320.0,0.65,1.1,3,5,3,104.7313,1.214573,0.384082,103.9785,105.4841,366.2716,0.140826,0.044533,366.184315,366.358885,0.82913,0.00406,0.001284,0.826614,0.831646,0.23563,0.005759,0.001821,0.23206,0.2392,
origin_delay_x_es_availability,B2,10,origin_delay_x_es_availability,,320.0,0.65,1.1,3,5,3,104.7236,1.216867,0.384807,103.969378,105.477822,366.2959,0.1345,0.042533,366.212536,366.379264,0.82912,0.004056,0.001283,0.826606,0.831634,0.2357,0.005728,0.001811,0.23215,0.23925,0.0077
origin_delay_x_es_availability,B0,10,origin_delay_x_es_availability,,320.0,0.75,1.1,3,5,3,204.8334,1.122351,0.354919,204.137759,205.529041,342.1797,0.143549,0.045394,342.090728,342.268672,0.42085,0.003612,0.001142,0.418611,0.423089,0.0,0.0,0.0,0.0,0.0,
origin_delay_x_es_availability,B1,10,origin_delay_x_es_availability,,320.0,0.75,1.1,3,5,3,65.0864,0.66345,0.209801,64.675189,65.497611,361.7429,0.212261,0.067123,361.61134,361.87446,0.94051,0.002202,0.000696,0.939145,0.941875,0.10302,0.003907,0.001236,0.100598,0.105442,
origin_delay_x_es_availability,B2,10,origin_delay_x_es_availability,,320.0,0.75,1.1,3,5,3,65.266,0.730123,0.230885,64.813465,65.718535,361.8199,0.242935,0.076823,361.669328,361.970472,0.93987,0.002473,0.000782,0.938338,0.941402,0.10417,0.004415,0.001396,0.101433,0.106907,-0.1796
origin_delay_x_es_availability,B0,10,origin_delay_x_es_availability,,320.0,0.82,1.1,3,5,3,164.3558,1.402862,0.443624,163.486297,165.225303,341.4092,0.164123,0.0519,341.307475,341.510925,0.54988,0.004422,0.001398,0.547139,0.552621,0.0,0.0,0.0,0.0,0.0,
origin_delay_x_es_availability,B1,10,origin_delay_x_es_availability,,320.0,0.82,1.1,3,5,3,47.9445,0.474709,0.150116,47.650272,48.238728,70.9053,0.199718,0.063156,70.781514,71.029086,0.97999,0.001159,0.000366,0.979272,0.980708,0.04444,0.002407,0.000761,0.042948,0.045932,
origin_delay_x_es_availability,B2,10,origin_delay_x_es_availability,,320.0,0.82,1.1,3,5,3,47.9592,0.461437,0.145919,47.673198,48.245202,70.8873,0.2161,0.068337,70.75336,71.02124,0.97991,0.001116,0.000353,0.979218,0.980602,0.04463,0.002337,0.000739,0.043182,0.046078,-0.0147
origin_delay_x_es_availability,B0,10,origin_delay_x_es_availability,,320.0,0.9,1.1,3,5,3,107.9132,1.213688,0.383802,107.160948,108.665452,339.7896,0.181679,0.057452,339.676994,339.902206,0.72963,0.003833,0.001212,0.727254,0.732006,0.0,0.0,0.0,0.0,0.0,
origin_delay_x_es_availability,B1,10,origin_delay_x_es_availability,,320.0,0.9,1.1,3,5,3,35.0266,0.18287,0.057829,34.913256,35.139944,67.8526,0.165841,0.052443,67.749811,67.955389,0.99763,0.000579,0.000183,0.997271,0.997989,0.00879,0.002205,0.000697,0.007423,0.010157,
origin_delay_x_es_availability,B2,10,origin_delay_x_es_availability,,320.0,0.9,1.1,3,5,3,35.0013,0.161211,0.05098,34.90138,35.10122,67.8267,0.157136,0.049691,67.729306,67.924094,0.99775,0.000481,0.000152,0.997452,0.998048,0.00834,0.001838,0.000581,0.007201,0.009479,0.0253
